age,plasma_CA19_9,creatinine,LYVE1,REG1B,TFF1,REG1A,sex,patient_cohort,sample_origin,diagnosis
60.0,30.92128289336084,2.4325834839363547,3.090934205691904,25.688382991328048,76.38197684225577,25.30652364337448,M,Cohort1,UCL,2
76.0,17.995853894357367,2.025678256609373,3.771087463394452,3.516117124421932,27.544583735519748,13.053818378879754,F,Cohort2,ESP,1
65.0,,0.8506223784085861,1.4571696646104562,0.8087948136101722,2.7778113501111457,1.4258475172403202,F,Cohort1,ESP,0
64.0,36.45498019042216,0.4123964308951058,4.226108119321666,12.263933331848154,73.27413781056936,,F,Cohort1,BPTB,2
70.0,16.032363204794066,1.7855401850616257,0.668670269582521,1.3126126162184375,1.074975312672732,,M,Cohort2,LIV,0
61.0,37.004057479429285,5.132567564161418,8.429616439378277,19.969380047613264,44.81035084792381,26.12650724007404,F,Cohort2,UCL,2
61.0,11.110891012047349,2.031501644769243,1.5657311679821164,13.579902115912995,21.402107710127904,22.38841840052752,F,Cohort1,LIV,1
55.0,,2.7567650100531598,3.734734804870984,10.161585896512342,22.07565433391767,,M,Cohort2,UCL,1
58.0,11.708897021423464,2.7098518690689333,0.7026350164015522,1.3203247509301497,6.169402519672103,1.604740621756966,F,Cohort2,LIV,0
46.0,28.78873342430106,2.390824527895451,2.0793022332034923,37.765106474105615,107.34018706000992,,M,Cohort1,BPTB,1
56.0,6.694566003689876,0.376624217543526,1.7947902105113902,10.276638870257896,28.59924126623925,5.833543185169971,M,Cohort2,LIV,0
79.0,1.8708317689829173,0.8823292086882498,7.5616062950011935,0.4248493302864447,5.730913135959154,,F,Cohort2,ESP,0
57.0,,1.288856847051793,3.581362112445902,4.317122809204628,93.82857744716986,,M,Cohort1,UCL,1
59.0,65.53178597004397,0.768943257380313,6.437367877882131,21.279639952890584,34.42772371379227,19.381336350465865,M,Cohort1,ESP,2
63.0,10.482406163181718,1.6440517391499256,1.293505561379047,7.599692692407326,34.35736719244598,7.445152081121301,M,Cohort2,LIV,1
45.0,5.235857683020509,0.5592488459965307,0.640582122892895,2.7384305768616493,6.997888055494652,1.3834214191613194,M,Cohort2,UCL,0
64.0,38.89469054380558,1.1586506642504333,1.0854876822020318,2.4004763075713798,46.81919567799082,4.461135487534311,M,Cohort1,UCL,0
62.0,29.11427028056587,2.333585167616214,2.700397400836879,27.34428806290974,96.87438199319332,20.139103147953065,F,Cohort2,ESP,2
47.0,54.12175291137424,0.705297603448281,5.636674193800254,20.302400907218388,102.0689787029811,,F,Cohort2,ESP,2
50.0,8.602439002746804,1.3604125624230246,2.340524037610749,4.028587447378685,25.37831928390157,3.3388695485444178,M,Cohort2,BPTB,0
69.0,35.78031636161367,0.886821359571499,2.2135120746751418,4.62396089217274,57.6385468309041,4.151955408215308,F,Cohort2,BPTB,1
83.0,48.130816523034646,1.3086032499057316,10.897633589034657,22.80968265489807,56.89889764493278,,M,Cohort2,UCL,2
53.0,37.40872989540374,1.1299329312502335,2.539667241109168,20.7102961528888,83.30841986444916,,F,Cohort1,UCL,2
83.0,,0.682576795708088,4.357160319777963,13.884476115683151,127.27621121615245,18.2901783822603,M,Cohort1,ESP,2
77.0,61.15226814667746,1.2294780571560278,6.028114605517079,14.599920735969558,78.00012023805843,,F,Cohort2,ESP,2
58.0,4.268099708483512,0.7478633244715271,1.5637638091905797,2.077093406546092,15.65895551943134,,M,Cohort1,BPTB,0
67.0,24.56611761172292,0.7161438704825863,8.701392937622883,7.893459511003178,24.541740675284817,4.123632236286732,M,Cohort1,UCL,1
65.0,12.68725376505841,1.3102109311735075,0.3382675986482009,0.6742759410601042,9.523109214801794,1.86896381426536,F,Cohort2,LIV,0
81.0,,1.6587813883318776,3.945811124288152,20.70505320926569,165.5648553811193,17.11039674047702,F,Cohort1,BPTB,2
64.0,25.25342066084976,0.5948355633872465,17.433936685423216,7.5973609207321,33.67831388429029,,M,Cohort2,ESP,1
51.0,,0.9872634237685788,4.118378890941676,1.20983325323602,11.869236065605309,6.438203265440277,F,Cohort1,UCL,0
67.0,51.29754697663776,0.431285217920717,4.346621120776232,9.858699255282804,79.12323912952303,17.64860765444875,F,Cohort2,BPTB,2
67.0,40.59155188690694,1.0364253224669175,6.652600921934382,8.874612238659882,73.58837732732347,7.81221702499125,M,Cohort1,LIV,1
77.0,23.460630721882666,3.1431515963474994,10.800487032916044,7.263996894402317,28.254982392603424,7.644398438343323,F,Cohort2,BPTB,1
34.0,23.82249822530966,0.6739065757309866,1.8897241392267907,0.7982522078066123,129.0554776861613,,M,Cohort2,LIV,0
44.0,30.608048498717917,3.875588887426012,6.087518760987296,7.978612853608128,32.12953808014024,,M,Cohort1,UCL,1
64.0,38.57251851755347,1.9921005669465184,5.850989620820487,22.040883426686545,56.61574835636084,27.33477508234578,M,Cohort1,ESP,2
60.0,20.19728596601924,0.8726076199394753,2.155341204154868,38.47285300966446,106.9545430825077,,M,Cohort2,ESP,1
46.0,23.3846421161847,0.6054604709211273,10.626298486060875,19.856123286870325,45.990187551072495,,F,Cohort1,BPTB,2
72.0,37.989688394133495,0.5743998714833566,4.025877730331121,20.842928811281357,99.54270752761816,21.13204010405066,M,Cohort1,ESP,2
46.0,117.71098098708802,2.1025599810416,2.385275958938475,15.301511799350326,51.589396850324825,26.73221818944028,F,Cohort1,ESP,2
57.0,9.2686329964387,1.4671886917777328,1.1797936448303563,5.697985092085274,16.0406480605421,7.680190908509244,M,Cohort1,ESP,1
81.0,27.79183311567668,0.9213464469767664,4.329071915460728,4.469927026764329,22.889938621791977,49.73414839367616,F,Cohort2,BPTB,1
56.0,14.080233492689764,3.125104487789254,3.99644434654077,11.256874160274233,20.403942615572703,4.735735466042564,M,Cohort1,UCL,1
74.0,23.67472676091704,0.7128417857836571,2.2369091280143505,2.6026999941526623,1.5428918443713224,,M,Cohort1,ESP,0
66.0,30.50365484756686,1.303719446136119,2.2685329326882795,14.33020077708003,35.36847108369085,,F,Cohort1,LIV,1
59.0,55.37065263881532,2.950463682665513,1.1811024143816462,5.960726125117508,9.035473706835852,4.004988460495519,M,Cohort2,ESP,0
28.0,,1.689915458167636,5.841249283672092,10.479929411196595,71.44195933360838,9.03451366675002,F,Cohort1,UCL,1
56.0,13.181603983153227,0.6523606871665963,1.7155350371854072,2.574491232199562,3.761158417515573,1.0750323260896977,M,Cohort1,LIV,0
66.0,58.25617659935445,2.5037852611210285,3.2589548043435737,3.103465486033375,8.171822547345283,8.808302695709418,F,Cohort2,LIV,0
63.0,11.870627293895424,1.0024774247421624,1.9881551678831952,7.865896639152,32.582331592323705,9.214325137834877,M,Cohort2,LIV,1
73.0,34.9436144701434,2.006322972404381,1.0740856856350338,6.878915304868627,93.87945226171632,10.500267808920238,F,Cohort2,ESP,1
52.0,34.299208905225214,1.98402706372727,3.198600769943848,15.716412642981783,55.9783432608355,,F,Cohort1,UCL,2
54.0,36.19169954856963,1.996919729806223,1.417663822933248,6.893486210344755,31.00974335596775,,F,Cohort1,UCL,1
79.0,44.519574339449,1.000534622255701,3.7875337916710072,13.43480762373924,109.30516252215446,,F,Cohort1,UCL,2
44.0,22.998138339074853,2.015193717352086,1.504378023566007,8.332362539989148,21.61376223836661,18.62134539866915,M,Cohort1,ESP,1
57.0,6.649409389917941,0.9278835110128796,11.112523259661296,2.932313054447405,19.131083890834617,2.295192091395429,M,Cohort2,ESP,0
36.0,11.819807186474712,0.781148689925716,2.625188402746233,3.1129579013563644,22.049260921888475,24.260475318530357,M,Cohort1,ESP,1
46.0,0.6156139199088395,1.7263770414570556,1.95392440794254,1.474317419940134,117.30872508061698,,M,Cohort1,BPTB,0
61.0,20.50833447852765,0.8301601251173458,7.762918076201152,6.327890517529083,25.365602185050108,22.751741795274008,F,Cohort2,ESP,1
63.0,107.80797285493034,2.1937017861703354,4.157655775921749,19.603880549884742,58.108622484343215,,M,Cohort1,LIV,2
61.0,37.64779197837504,0.8134206265351449,5.5783490904904856,11.686549801217216,178.277021092623,,F,Cohort2,LIV,2
86.0,1.9521705680412504,1.454176711880614,2.6642612617378387,14.695923182645044,11.223195393362396,,M,Cohort1,BPTB,0
66.0,75.62396975585916,0.5524913069990006,2.756336086542031,27.71409639182248,54.88173418720565,,M,Cohort2,ESP,2
58.0,95.97878128093444,0.9873284405871696,0.4911901338606011,8.18633674866042,11.775534094494205,,F,Cohort1,ESP,0
90.0,2.5186298213193656,0.6720556454855799,1.0913686523122432,30.302918852448208,158.50868148323465,,F,Cohort2,ESP,0
86.0,20.26476767354319,1.069340708192516,4.273902470297722,8.056490265268314,25.3081794341278,,M,Cohort1,UCL,1
60.0,8.24978056484975,0.8415643216211162,2.7227894869698432,34.41468040925788,9.24424286483555,3.542804845507435,M,Cohort1,ESP,0
64.0,,1.3521343212406565,5.495666708998369,11.649472848592264,29.438078185364063,17.3918470247768,M,Cohort2,ESP,2
36.0,,1.1119854514495926,2.0943293539173498,4.091144917841295,25.99969861842096,,F,Cohort1,UCL,1
30.0,14.771753075445991,3.012300375278903,1.4851999930904276,8.62438348177671,40.06262386158436,10.563227899541523,M,Cohort2,LIV,1
66.0,57.802009130111344,0.965281405967557,5.766751529474332,10.088973455944176,76.81916430019054,10.286230426519367,F,Cohort1,ESP,2
56.0,32.08366937433179,2.4112402018755685,3.003128121607048,12.430729554952544,70.31650908152116,29.25240064695688,M,Cohort1,ESP,2
63.0,97.98060137470505,1.665327317483838,5.232874635412541,28.033576236037725,97.50155666141104,,F,Cohort1,BPTB,2
59.0,40.04679383820738,0.7267260469197263,3.6560409292638583,10.631922474527672,42.6952770544223,54.65503458697644,M,Cohort2,LIV,2
53.0,52.9182074402574,0.8641412036710585,4.2023321530260285,19.20177454076313,28.291781141503456,,M,Cohort2,UCL,2
49.0,,0.9610494976361732,1.935190215285934,8.420013115150539,32.39560126015614,6.113875348275705,M,Cohort2,ESP,1
76.0,31.785264113634742,2.2201243568032414,3.622101354376258,8.385631731942835,22.529533319841693,6.551068591629609,F,Cohort1,ESP,1
73.0,51.09374559868772,0.8596524484005514,4.681199608317634,13.16701910177878,102.65039203964896,,M,Cohort1,UCL,2
85.0,23.330613018957425,1.7659063542468296,4.787109622266852,17.237672563341814,112.89559852258591,,M,Cohort2,BPTB,2
54.0,13.372963349290997,1.9157112391584372,1.78990830978682,0.4800224510132919,64.05628614290424,,F,Cohort1,BPTB,0
45.0,14.36990009626594,2.026605315575976,0.8829024720585821,5.9620336236701,26.077170820408192,6.889290758090223,F,Cohort2,LIV,1
53.0,52.69915726239539,1.2976592636044104,7.981791191554029,21.28532473343441,88.57042542994702,21.54033205811448,M,Cohort1,BPTB,2
44.0,19.123403319279365,0.8597504817297135,2.588084574252191,13.551208214284843,26.80978393401892,8.682122545657082,M,Cohort2,ESP,1
52.0,28.53699777765714,1.6038345870855708,5.6656385435480665,18.391398031403096,144.5262566500576,7.79493478245212,F,Cohort1,BPTB,2
46.0,36.16330371598793,0.5554922447089092,5.067065247084556,12.599030784876556,59.1452921156883,,M,Cohort1,UCL,2
85.0,42.11878323961852,2.2371461503662333,7.747905134834525,33.83533435002762,47.56258907443147,18.126119576825424,M,Cohort1,ESP,2
70.0,3.252005453860398,2.9673737023552844,2.705564535504201,0.3666420932934522,11.667714284103509,39.41031604217213,F,Cohort1,ESP,0
70.0,34.96522630753064,0.5252397908410662,5.35641197407761,19.44095046152228,47.1925592967277,,F,Cohort1,UCL,2
71.0,5.054745201869495,0.8823183543588534,0.6372326302847612,1.912250534012152,8.221141762747765,1.1628150676281754,F,Cohort1,BPTB,0
72.0,1.9195082253155704,0.4900148583789502,2.362150139787386,2.566210347236465,5.571749479923561,1.9642597670763744,F,Cohort2,UCL,0
89.0,7.034268973637015,0.8024783377601968,2.182057878960724,2.2537619078562185,71.36940062186864,,F,Cohort1,ESP,0
58.0,,1.4976319261068127,1.316682040917558,4.064803280792607,10.837324251781688,6.1121536819733535,F,Cohort1,ESP,0
58.0,31.98048580820432,1.402706214935459,2.3209109890314736,8.666235958460414,17.861416680152654,,F,Cohort2,BPTB,1
74.0,43.79210802058223,0.9556730196172748,1.6667659934936705,6.997591031074611,18.64650575754157,,M,Cohort1,ESP,1
71.0,24.40812993170714,0.6771508859063033,4.0618775733053685,5.04855349296478,15.729467021261014,,F,Cohort1,LIV,1
71.0,17.249249931571317,1.1954290421085485,2.934997556752395,5.913373829414436,7.090802520824908,,F,Cohort2,UCL,0
45.0,22.45273053753145,2.182858446862824,2.2380343070189923,4.440131286269327,77.01656569308595,,F,Cohort1,UCL,1
48.0,15.932692858754784,2.1855831754049406,3.368109131827364,13.422570388354735,25.57791901316864,,M,Cohort2,BPTB,1
58.0,,0.6365955643863265,3.9235267044803184,10.793446587053351,103.404616118566,12.082236912904518,F,Cohort1,BPTB,2
53.0,5.422153216104144,2.4499208256815903,4.379998853702896,2.796183275805732,49.72637681639683,,F,Cohort1,ESP,0
60.0,0.9179762877245494,0.8848684612224129,0.5712029000046005,1.9919087062719896,25.674593754350216,17.753927873679253,F,Cohort2,ESP,0
44.0,25.74378950660133,1.1758697472175366,7.124038212701056,20.312578635353205,52.5653734085061,21.89486964700121,F,Cohort1,ESP,2
42.0,40.17912041355493,1.058590376279459,3.417480390696003,13.52280676392485,58.09958986622144,,M,Cohort2,ESP,2
56.0,1.6728628499608174,2.292628930087473,2.7094872400489494,2.447392850533165,117.786800083851,1.5375863526330291,F,Cohort1,ESP,0
65.0,7.637017843701705,1.7049694944882383,8.287999302801872,2.774049057702166,3.638436770888746,,F,Cohort1,ESP,0
60.0,20.91574975468166,0.9377192174655072,32.09625289497886,5.508941889275787,34.10588439178797,8.024882320438563,F,Cohort2,BPTB,1
61.0,8.264776378082665,0.4040856370955815,1.0142916907753634,3.337946115140368,94.81039992677302,10.286126785757268,M,Cohort2,UCL,0
74.0,4.2602167506129165,1.0465376932544015,2.276222762220748,3.162449652145592,6.795721018721388,0.1851305183199332,M,Cohort1,BPTB,0
64.0,15.744032484938282,3.1437191927731454,0.6558415224052133,3.724629140030574,7.361463418268678,1.8812168550849655,M,Cohort2,ESP,0
51.0,17.276427559646642,0.4845955285395054,1.6131326243597872,3.33304219489777,20.74388476664435,,M,Cohort2,BPTB,1
43.0,23.93903175541137,0.941821423555558,10.667514258866488,4.191129917142802,22.48289322114495,,F,Cohort1,LIV,1
52.0,22.61638747579193,0.877029335441659,9.490449848653212,2.32095507506794,3.597313272768643,,F,Cohort1,BPTB,0
66.0,54.48825795946627,0.6578875617459911,6.61110041264607,13.715944621175815,98.8965889683576,19.10121131674743,F,Cohort2,BPTB,2
65.0,,1.6485116698516544,1.6491221131392222,1.1256631374689832,5.55596195223505,,M,Cohort1,ESP,0
69.0,,0.5719760170553135,0.9259691831838568,0.3868179246305951,7.627450493044143,10.386487092645046,F,Cohort1,BPTB,0
48.0,81.63075323780316,0.4396979930640125,2.569231147602886,12.057840739510429,14.294231742366748,,M,Cohort2,ESP,1
41.0,25.492839066191312,2.648405654611208,1.589949854876425,4.533119955562324,71.09956541009763,,F,Cohort1,LIV,1
63.0,12.50956408468888,1.9878256953556972,3.8360419488722073,14.828842387696064,26.90426525399762,6.612379833194822,F,Cohort2,LIV,1
46.0,19.646152123347544,0.4043676956416239,1.4798241741049156,8.550504681755633,9.196814344670768,,M,Cohort1,UCL,0
40.0,,1.730200986475585,7.714408498808872,15.79305311341546,54.74904623198546,394.4248324074124,F,Cohort1,ESP,2
68.0,,0.7113288649189418,1.676716262040395,13.485226984138738,69.1221765393488,15.3410705142104,M,Cohort1,BPTB,1
72.0,41.75771662702585,2.165408435462829,2.275456077917232,11.6356826539975,67.61621864425086,,M,Cohort1,ESP,1
65.0,96.64076209501376,2.8892695138291047,5.090540140933332,20.307667457383594,56.60364310321843,21.72280756613913,M,Cohort1,UCL,2
59.0,27.24507399312653,0.36096591579112,1.3821290850655068,8.437738126743472,54.49282981493461,36.04440705919782,M,Cohort1,LIV,1
68.0,11.208821773099356,0.7171442344216119,2.2847429787179814,5.601281928979738,17.30950393249057,,F,Cohort2,LIV,1
69.0,8.541855618293845,2.890982502640929,8.668578074159365,8.686193316916583,10.254460934557388,,M,Cohort2,LIV,0
85.0,18.362215315556117,0.3874115009578588,1.3152840647596238,4.948767612220684,46.59432635367829,,F,Cohort1,BPTB,1
60.0,3.852889211864431,2.520494259432114,5.221839779098064,4.252132880149113,3.0784890644377145,,M,Cohort2,UCL,0
38.0,,1.894752146530392,12.934383986909827,20.42239138533742,70.38337116618865,,F,Cohort1,LIV,2
26.0,22.850132834604143,0.8449727799619291,37.55248260293683,9.21226512259618,16.700573963095174,19.52122407934789,F,Cohort1,LIV,1
65.0,17.124768161669838,0.9644642793026456,0.665482402655971,3.4265256756644824,15.592467868501904,,M,Cohort2,LIV,0
59.0,55.414647248929725,1.1032601515047291,4.908664693328436,16.632627021925387,31.353080756351023,,F,Cohort1,ESP,2
56.0,18.47882143398689,1.3297540740867455,3.034009260522888,12.991899924296206,29.21196633761891,11.13370615554161,M,Cohort1,LIV,1
66.0,14.972237544801136,1.6293816345404315,1.5308822233572066,10.613545078904696,31.20882416802233,25.168413502409766,M,Cohort1,LIV,1
57.0,32.613178920557566,1.7217572945014978,3.085693046887855,30.59356949942002,51.37173954985674,5.272201220201055,M,Cohort1,LIV,1
69.0,21.681343626247287,1.317451406786358,0.9053675975957974,2.570403796792221,6.31345863463376,,M,Cohort1,BPTB,0
62.0,,0.8813771226455541,4.168732519526681,10.475799553572442,41.82114198648756,13.216723606589833,M,Cohort1,BPTB,1
55.0,3.376164889436546,1.6191396920954693,2.378373433862033,1.0125604482090234,2.943308847061975,0.3247675382176628,F,Cohort2,UCL,0
55.0,42.2901469624916,0.9450299879085944,5.314918149902222,16.812569419785085,71.94147698311247,,F,Cohort1,ESP,2
51.0,15.177270453846443,3.1330253117010853,5.7500372894544025,4.057500992281929,36.10078940561139,10.675684238711654,F,Cohort1,BPTB,1
60.0,4.2342821374415225,1.3571952766413822,2.0790813742201117,1.1665285162847925,6.8712912624846885,25.82741821976551,F,Cohort1,LIV,0
37.0,15.172850173550884,2.349954489158202,2.0386977384094678,6.98515604518101,22.730216557907287,,F,Cohort1,ESP,1
62.0,,1.738846507951878,0.9962767046826252,20.54442068702782,9.050901447869132,3.84145560559161,M,Cohort2,LIV,0
66.0,56.21537793665274,0.8866742938761644,5.263971546772191,24.74720405909746,85.6807714303826,,F,Cohort2,LIV,2
70.0,1.344224283820901,1.7229147559221518,8.190169661318082,3.304489830619576,12.197812389186245,,F,Cohort1,ESP,0
50.0,,1.1848582322116623,3.0527952289943863,19.759237370383687,72.4848019708873,,F,Cohort2,LIV,2
51.0,46.15537823535846,1.2300192880854006,3.17100965574634,11.050389383355576,54.516277536615824,16.19687931986884,F,Cohort2,LIV,2
59.0,47.49461485385739,1.139101749533701,5.489323233984275,24.652907728646625,104.947004762711,62.88798964131481,M,Cohort1,ESP,2
51.0,,1.1594864359947277,1.727881704511677,10.580442117361232,46.57640145809265,6.840617063436593,M,Cohort1,ESP,1
69.0,,1.8013645514439571,0.2376088985063579,1.4236743264826233,3.644931859058584,5.22689548605972,M,Cohort1,LIV,0
53.0,29.914350921001905,1.720653980489861,1.5871892507430496,5.558177975397042,51.55044392095053,9.686778774965084,M,Cohort2,BPTB,1
66.0,53.035601239654895,0.8072924177852032,4.322695689334849,15.291994550321064,95.76146679317688,33.17574464327363,M,Cohort1,ESP,2
35.0,18.98331947715823,0.3289448448017165,3.766103920104837,7.305550122720021,25.70530023144959,9.01906853343348,M,Cohort1,BPTB,1
53.0,46.67356549469995,1.1944077412012777,7.52490041894844,37.20026093547682,71.56407960200684,,M,Cohort2,LIV,2
42.0,13.630069329673844,2.2873274236891525,0.3999270844034063,0.9388038536409444,24.515258724990336,,F,Cohort2,UCL,0
71.0,43.18307210565408,4.323783546799087,4.359820508810916,8.118676320313346,44.67738209291509,,M,Cohort1,BPTB,2
59.0,,0.3998298446696408,2.384386900425832,11.404617129207882,54.67088926221982,47.32427578388411,M,Cohort2,ESP,0
36.0,5.009980079742818,1.0320632557264973,2.2321412709770296,4.50058558600974,69.3191241371862,,M,Cohort1,ESP,0
57.0,26.573092103149875,0.849795820348606,2.352293897902189,16.328423514953574,23.72376354426998,40.28994059577107,M,Cohort2,BPTB,1
51.0,109.94898449074633,1.112847255669715,3.5956352873207846,10.25354617343512,71.43964875015365,53.46417654405167,M,Cohort1,BPTB,2
48.0,15.744547811054256,1.6573098670358877,3.4382329251297548,7.535444535450845,16.64151642697504,7.475519461059981,M,Cohort1,ESP,1
68.0,4.08724437136321,0.9962440559058272,1.0042738814918877,15.944011844158275,9.669417952241345,13.849586168507653,F,Cohort1,BPTB,0
52.0,202.05954239184524,1.6420749840907034,5.466030248146006,24.173804347093835,62.55324211865809,8.144494928972712,F,Cohort1,BPTB,2
63.0,36.48907809034116,2.4243259662071184,3.562049202558832,5.471355042262952,30.18122407015365,,F,Cohort1,LIV,1
65.0,43.88564548621623,1.4346166469984338,5.843706470062083,18.44397140683142,152.8446661431838,19.54959886148188,M,Cohort1,ESP,2
70.0,95.55249236795667,0.7482067708709791,4.417204743522195,6.136386511850835,52.29644265413114,,F,Cohort2,ESP,1
75.0,40.23502297650829,0.5737004746512537,6.276511337103584,8.400764223784451,27.618823984996485,4.293523384760372,M,Cohort2,BPTB,1
59.0,69.81388263463222,0.9807574758000251,3.803100151672317,47.22779724319014,84.09502705578754,,F,Cohort1,BPTB,2
56.0,,3.057470950222633,3.5307585032849724,1.0066951864976788,30.30160028327329,8.135686419034293,M,Cohort1,UCL,0
47.0,22.211214208286783,1.767809550189245,1.7257164058441454,4.808348321038552,32.02788771793247,9.505582935358264,F,Cohort1,ESP,1
50.0,79.64553940966448,1.012948325534193,3.207983261278083,14.825144009699738,86.84910293985449,,F,Cohort1,UCL,2
37.0,30.144696451079,3.09545324499346,3.747287813902737,13.788901876482322,395.3656867823274,36.751902949579815,M,Cohort1,ESP,2
89.0,33.676205529241265,1.0158480248716062,1.8897191451928408,8.46579574997931,36.91503996953461,9.932175558329504,F,Cohort2,ESP,1
42.0,45.01187405174374,1.8056567434337816,0.186980143094507,1.6974482946548894,4.115071166724546,,F,Cohort1,UCL,0
68.0,39.588714789568336,1.2069047175572392,2.423460512266981,11.673246084097732,64.60739228256438,,F,Cohort1,LIV,2
77.0,23.607723033454505,1.1970233530400247,3.9392357353971774,11.837049531264237,23.52716001140881,,F,Cohort1,ESP,1
69.0,,2.060987629756597,3.89294139389068,12.586538784063489,10.75950577389212,,M,Cohort1,BPTB,0
71.0,46.568415693298505,0.9887052491301884,3.2187110469902445,33.1741677366969,112.30803272872362,,F,Cohort1,ESP,2
25.0,21.99664004144001,2.9102390268428784,2.366407596073856,9.253578852735432,51.15284984416347,,M,Cohort1,ESP,1
63.0,9.061771558905734,1.6909950986742277,0.8939886151461421,5.074322985805712,3.3266318603520277,6.01573935213926,M,Cohort1,LIV,0
85.0,38.08754124461844,1.918282471551396,1.6476524717054477,6.424355016927906,22.391224541124583,6.109544818875124,M,Cohort1,LIV,1
69.0,,0.4374101805602576,1.974659669508784,5.175284498308682,69.04094200792247,14.930629164423936,M,Cohort1,LIV,1
62.0,17.009895886276414,1.2266958282080165,2.722998969813073,15.2655873426854,40.73416709231879,14.755555277536764,F,Cohort1,BPTB,1
80.0,13.755090989951473,1.8734814823340589,2.630549338048126,5.356993348741199,1.6896469017609894,,M,Cohort2,ESP,0
40.0,28.798297442096533,1.2027571710501743,8.877781876971044,6.978502048421667,43.33515348414696,9.321508685355322,F,Cohort1,LIV,1
55.0,11.223677720411766,1.7762609471558193,2.276441820090429,2.9299378698940592,4.08332391978034,6.05804608674503,F,Cohort1,UCL,0
82.0,,1.5998169171766827,0.7556574424599393,1.5460244456589418,3.652328464425022,,M,Cohort2,LIV,0
74.0,8.316101480528356,1.8489862936266928,1.9224237266665969,1.3281418829110196,28.084160776384792,54.41140737180246,M,Cohort1,UCL,0
35.0,28.13545875229261,3.5586322643078496,1.3290324921092356,9.933895411416096,8.441724112163659,,M,Cohort1,ESP,0
64.0,55.535076066954886,0.8640634426429276,15.624069124105004,16.650342353929624,76.7758418172495,19.88825058229253,M,Cohort2,BPTB,2
68.0,16.95136025639817,0.6711154125532894,3.963755449207754,6.870593601280421,14.897326356244283,,M,Cohort1,LIV,0
61.0,1.6738826138739693,0.6905121403543631,0.8379256963968998,1.5651375818300146,40.83993147610176,8.434927406234234,F,Cohort1,BPTB,0
65.0,38.38969921813596,1.28504889529906,3.08537307554288,7.510025134263366,27.406276630461363,,M,Cohort2,LIV,1
66.0,7.316797595679271,1.302470724505797,0.641637048391351,6.870428560219176,49.604407221893005,1.529442543467622,M,Cohort1,BPTB,0
71.0,16.92618000827256,1.9576006421818268,2.236625409044434,10.621052765100206,26.594218559900806,,M,Cohort1,BPTB,1
66.0,11.917057335109174,1.0577429994590164,1.8166396656634007,12.78063364704576,28.17775894159106,7.666073068144614,M,Cohort1,UCL,1
36.0,24.91959590906724,1.5529959634775472,5.214636886913069,12.64187500194307,15.893516509215342,8.421709404497086,F,Cohort1,UCL,1
79.0,47.95275448846551,0.8956473420267972,3.828687110934662,10.379020000056933,71.92996389182264,,F,Cohort1,ESP,2
48.0,39.22617921455955,0.743723864256022,3.2215873368675867,15.046962361146669,54.434296529931856,,M,Cohort1,LIV,2
88.0,45.88487388944239,1.0897594635643355,6.860029555922342,19.74981602895913,60.76073655790708,,M,Cohort2,ESP,2
61.0,33.40254141344488,1.2779276288226835,4.829197850766845,8.409497857615246,22.492733436488702,13.590446653934528,F,Cohort1,BPTB,1
67.0,54.45796054155616,1.3364925445027975,1.9768820301258645,12.757555125820758,65.54550494150412,,M,Cohort1,UCL,1
75.0,36.09032775706814,3.443371132778691,6.255649881020537,11.386876058129674,58.0178580702824,25.41508962884124,F,Cohort1,ESP,2
64.0,97.51852062286773,1.2530475381539057,3.044173601370823,23.27765511503489,39.228288835510966,13.712023114383287,M,Cohort1,LIV,2
57.0,0.8971811746038487,0.5009126743855642,2.2251587888956834,1.360491359581688,7.967764426668503,2.010783005535223,F,Cohort2,BPTB,0
66.0,94.16617715679492,1.037873703322242,2.960598740509721,22.059023224629687,90.16784437153444,9.397101097814708,F,Cohort1,LIV,2
59.0,32.150649233655905,1.791862584768451,6.800038517226114,17.494228743783893,74.32685298479299,16.38644351450101,F,Cohort1,ESP,2
79.0,,0.9774084569869996,1.0861393801783832,1.3160117249129544,11.362901182977104,74.20240786214627,M,Cohort1,BPTB,0
57.0,59.527020454268296,1.21975479799815,3.527769866908605,19.47162549926705,62.14679251451199,16.019003342711432,M,Cohort2,ESP,2
75.0,9.783650605380103,0.3495820510153928,0.1939318313474799,5.315432120222158,2.4515632785040875,3.816236766703237,F,Cohort2,ESP,0
41.0,114.37311462714376,0.7633484770733945,20.943106574324595,25.71445668983929,66.85331699298027,,M,Cohort1,UCL,2
46.0,11.02721200952973,2.278737193325165,1.780285444330433,6.391455532221176,29.53880487915876,14.35895758419242,F,Cohort2,BPTB,1
53.0,,2.967602014577688,3.5364215988202123,10.20218090338361,86.10793179099925,35.03089806591311,M,Cohort2,BPTB,2
57.0,,1.5493648942607394,0.5601998727867158,1.0391827728088634,9.685912867877732,,F,Cohort2,UCL,0
74.0,51.7137950800438,1.135132821253085,5.703107591785306,18.483880621939527,53.43041827921163,,F,Cohort2,UCL,2
47.0,,0.9547360226267622,4.73682595514736,15.699116436001177,62.441824902498375,,F,Cohort1,UCL,2
46.0,3.5288339347063253,1.8169668659339624,0.8865562293508606,5.056905933306392,0.406125221676492,,F,Cohort2,LIV,0
87.0,18.839326655922196,2.566980262059241,2.341599408887728,9.876210880152026,23.412720951067485,,M,Cohort1,UCL,1
55.0,26.30727063349014,0.3023228242182219,2.143694423915804,7.384271823369719,193.33757284256455,,M,Cohort2,UCL,1
49.0,6.4822562905155,0.9589679679600732,3.665393260082908,2.1153440397590764,8.440583499398066,2.5548565366924127,M,Cohort1,BPTB,0
33.0,102.85169807513071,1.1888695235714228,1.620035365930406,10.95029790387978,87.30761237512988,,M,Cohort1,UCL,1
73.0,11.09701905006554,1.783794785229433,2.4743520291354164,6.090802403208822,6.000647964083718,,F,Cohort1,BPTB,0
45.0,53.34950599357688,2.021299971082749,5.747844474979242,17.56096384931311,69.65246756909107,20.28405661047387,F,Cohort2,BPTB,2
69.0,55.53780368056048,0.8127045938905844,3.179577125190045,17.461804604605426,31.302287853647137,,F,Cohort1,LIV,2
66.0,19.094422369184137,1.2835515974660925,1.5326581166063589,1.462352347579455,7.373834947016504,1.2141968885214147,M,Cohort1,BPTB,0
74.0,17.61814005111981,1.5425278847384911,3.1982055791783006,8.325875599786773,28.46750518563692,4.063020698017562,M,Cohort2,BPTB,1
36.0,48.97886200087946,5.579743494702431,3.2985268024630767,19.94206640947405,79.6062408588569,27.197981911127343,M,Cohort1,BPTB,2
55.0,33.158603169169005,0.708524596848305,7.877015219818059,13.66548598536437,33.44953743282059,14.645298457631096,M,Cohort2,UCL,2
64.0,20.84727597081514,2.750668977184561,3.3182332552769984,5.285729983549465,25.98215377678909,15.737093790160932,F,Cohort1,LIV,1
48.0,34.59890412042476,0.3466208299562965,2.6519163611952226,17.46146471074053,28.5887693388299,,F,Cohort1,LIV,1
56.0,43.47211823816005,0.6476323875323842,2.456323374084894,4.635654943819722,56.708829474654486,,F,Cohort1,BPTB,1
54.0,23.17029392005421,1.38662965122181,3.838810951662125,21.825824294180254,119.87060720295052,28.87569375874531,M,Cohort2,LIV,2
52.0,20.83445733167426,1.5899613163155024,2.338381925620216,11.277440495046696,36.83476233992504,,F,Cohort2,ESP,1
44.0,44.37582790954018,2.6111291030021584,4.464019064361741,10.489617483593632,79.78763301211865,,M,Cohort2,LIV,2
76.0,11.926697240426115,1.386840683308919,5.853167248467974,3.4427506884258388,9.174980475824126,,M,Cohort1,LIV,0
70.0,1.780945948218715,1.7042822333080971,2.349852357021354,1.3394528645175825,3.6341311194931394,0.914912107892763,M,Cohort1,LIV,0
77.0,33.93106693856821,0.6827413782772991,3.133289275719666,18.18349420097762,33.162176261921104,,M,Cohort1,ESP,2
63.0,,3.17639610394058,0.6841886412932244,1.2631534341645083,18.13848446214992,3.73407137336362,F,Cohort2,UCL,0
64.0,,1.1689068614375622,10.406671636554108,12.432392703449798,56.52547385737231,,F,Cohort2,BPTB,2
70.0,60.09971672795484,1.7341223651596815,5.968488227635137,15.44196730598027,38.94111336474839,,M,Cohort1,LIV,2
65.0,33.66269453330117,2.8484933105554577,4.886634725297767,17.12630490286546,52.54956537171567,34.75355847380825,M,Cohort2,LIV,2
55.0,53.31963628532223,2.082306951738282,2.002601077766999,34.5453682025846,77.29502801950305,15.91937324673815,M,Cohort1,UCL,2
67.0,20.902755049405137,2.2540607639569505,2.394623519097731,4.80904257651553,33.36178674345776,,F,Cohort2,ESP,1
61.0,14.6348151466478,2.315409537282807,4.078849687430447,13.241692073555123,33.52817487180744,,F,Cohort1,ESP,1
90.0,55.43579368650014,0.662994012725656,3.4069335953916013,12.01739668674582,84.47701346513782,,M,Cohort1,UCL,2
64.0,,0.924705227887309,0.4278400998661809,1.0050784078044346,88.08389103352621,,M,Cohort1,BPTB,0
68.0,24.29008803156914,0.5985003961027204,1.880503765872543,20.33900183165505,60.89368505044622,,M,Cohort1,ESP,1
49.0,1.8294244764638568,0.6310332280099452,4.092096077560314,2.6062540183158,31.83295358556829,20.29918334248991,M,Cohort1,BPTB,0
60.0,220.8234281103352,1.1220511535996371,2.155752518825638,0.4225743990670308,13.173442612192108,1.3474452845928069,F,Cohort1,UCL,0
82.0,37.68593063800407,2.8465200046237533,2.952111912115073,8.79253219332568,58.7716046812055,,F,Cohort2,LIV,2
64.0,26.85898550083064,1.793128212793324,3.636373413010286,10.530492922181718,26.123973157536614,,M,Cohort2,ESP,1
56.0,18.251707370598176,0.4313795723411198,4.628194215146366,9.71972483315588,40.04189884109522,11.964877874167431,M,Cohort1,BPTB,1
63.0,11.233632474593826,1.703351878019339,2.046363593917148,18.67843696837991,9.168034555097494,,M,Cohort1,ESP,0
31.0,56.40448490946603,1.4653295126527055,3.9812146173560223,22.918155400256826,60.85593070085877,,F,Cohort2,ESP,2
63.0,77.09717150233783,3.686779706134456,4.810968695737829,18.57796186459216,108.00710916733163,19.80583022563547,M,Cohort1,ESP,2
42.0,60.84259910526543,3.803148708982469,7.64988399173115,13.238793280001186,98.59636396980098,28.96587913312285,M,Cohort1,ESP,2
70.0,5.543406313559262,2.8157891297328232,0.4791480760156517,3.734428858514962,5.814597325839578,,F,Cohort2,ESP,0
73.0,,1.9374632667023044,6.72368935595816,13.344084167528273,85.67422843608185,24.894542806935657,F,Cohort1,UCL,1
79.0,,1.0578406489562462,1.5717020819334608,10.403916218868943,11.282097904807792,0.7100350482214843,M,Cohort2,LIV,0
90.0,24.6792325626996,1.8241848066482893,1.872195773360012,9.043644433882868,36.63452364966601,36.57551734622439,F,Cohort1,BPTB,1
54.0,,2.357586767754777,2.219488093896702,2.447373218553497,2.209728554191142,17.05604047405036,F,Cohort1,UCL,0
71.0,17.978294017469047,2.363686338989752,4.959737174892021,12.33630606254832,31.1436098864106,5.886759234897139,F,Cohort2,BPTB,1
57.0,16.222882044611836,1.2253098077052929,8.129542153023255,17.97413587203708,24.82387878773,,M,Cohort1,UCL,1
61.0,25.260922957352044,1.0996799445545042,2.0788978776647897,7.868511125074782,109.46000849295132,13.09214898554587,F,Cohort2,BPTB,1
44.0,18.74474640006361,1.535356856844084,1.948519413450966,7.952993827201595,79.08198972989341,8.647161462029349,M,Cohort1,ESP,1
61.0,39.72338466120423,0.9723661603150724,4.56810695310017,9.683795108787017,52.50934863970641,,F,Cohort1,ESP,2
72.0,39.93752600126774,0.5953814577346047,3.4770559640447503,8.593508127340545,65.0508723700809,,M,Cohort1,LIV,2
53.0,2.8188657549360463,0.7486407958598215,6.525416175525207,1.293731191010415,7.5105700382675105,,F,Cohort1,ESP,0
54.0,29.715712313296255,1.7735102732786452,5.200858949294272,1.7505166788439566,15.433244261980084,5.927542709308804,M,Cohort1,BPTB,0
69.0,1.6584945041553305,1.4417369739036328,0.668321688785125,3.639007607206752,4.222526783247952,,F,Cohort2,UCL,0
63.0,28.828975807000653,1.5599238746520834,2.324725906822185,20.68916067867623,31.088522568175893,,F,Cohort1,ESP,2
58.0,,1.1446054551918816,11.528938989140473,11.076329338986485,37.92469427185476,11.14532515717386,M,Cohort1,ESP,1
53.0,18.689451108201908,1.618688730349864,1.6535576652045982,6.53953167962276,15.781810515571992,11.20987827845398,F,Cohort2,ESP,1
50.0,,2.4778041564026934,2.264188117074789,5.003464156298937,8.82969224405069,,F,Cohort2,UCL,0
73.0,58.65694115408307,1.2361755436032398,2.56020427745938,10.317681717834454,77.69009510130867,24.22582318335972,F,Cohort1,ESP,2
73.0,16.800181448222745,1.0742557687493175,1.7815700376545551,8.293595317194896,32.308692495073856,9.81746336754789,F,Cohort1,ESP,1
60.0,41.12419558292255,1.1593088570187895,3.191271196905341,10.00432952267836,29.052307927180536,50.23743339676653,M,Cohort1,ESP,1
74.0,63.60229743317383,0.7459213875683287,5.486735591986614,14.563837340176104,122.1371193859183,,F,Cohort1,ESP,2
63.0,28.551515595568222,1.3630827166593538,1.7305769051647255,6.421493997299771,15.390916003570409,,M,Cohort1,ESP,1
52.0,12.064171012274876,2.0638364545668777,3.9111101433757542,6.83401018652214,55.6405126542234,,M,Cohort2,UCL,1
47.0,2.734947140870855,1.1131942048722774,7.74616717541885,2.080248750365783,27.530181437542087,13.937100278433263,M,Cohort1,UCL,0
78.0,33.07880589732418,1.5729771505630852,2.2324865555192623,6.891865813481319,79.20029613845676,,M,Cohort2,ESP,1
57.0,16.80225290881437,3.688760136204434,2.993313782794832,13.39818714045873,21.58765122369989,4.901280890047715,M,Cohort2,ESP,1
47.0,37.21592451074946,3.632482132581994,3.465436985815243,6.537720756688303,30.64942374012039,,M,Cohort1,BPTB,1
75.0,31.89956289527835,1.292633997436534,3.674293740518448,16.91987473718171,93.82251812008036,,M,Cohort2,LIV,2
70.0,10.328210915930846,1.140119670020047,1.3600615541191616,4.044380182600813,8.279253006921753,3.342609201285438,F,Cohort2,UCL,0
60.0,23.720980869039327,0.8358956504823015,0.8423368560298358,2.5082909030448417,34.52127916239223,3.872591424826558,F,Cohort1,ESP,0
42.0,,0.5182542844580819,5.597755603939271,2.9030783534488056,71.97190559261153,,M,Cohort2,ESP,0
61.0,38.79858189754011,0.8204484069985304,2.428561824980053,7.962097055453666,28.770110629673574,17.28604143581078,M,Cohort1,BPTB,1
48.0,39.04405192138873,3.268112026807232,2.226225231418013,10.057022209319204,58.32585537865004,,F,Cohort1,LIV,1
66.0,22.276376006161904,1.2719272761538714,1.8435018287157283,12.335418762411,134.53563280415278,,M,Cohort1,LIV,1
58.0,49.98237242737818,2.559260234890306,4.843300884207,14.435986823147369,101.28922685775524,,F,Cohort2,UCL,2
46.0,8.753800871481923,0.8791113072134944,0.809384655370073,1.4526194450659502,1.7796200779450764,8.886425046654681,M,Cohort1,ESP,0
85.0,30.32803987923491,1.105098597613749,2.814534001619802,14.955630271041656,79.71848301075501,,M,Cohort1,UCL,2
85.0,4.752256542161274,3.0078259772490905,1.2014012193214356,0.4291799969987295,54.08551160708328,,M,Cohort2,ESP,0
67.0,,1.5464127072523193,2.803490426350238,9.288852290387355,2.769307431611477,,M,Cohort1,BPTB,0
63.0,34.04186520065721,0.9678552158167508,5.116259808591,11.239492036661758,80.45737292326015,39.682629885785474,M,Cohort1,LIV,2
80.0,4.150146429063619,3.49589188765241,1.763736148487361,5.253584389403897,0.499394754603454,8.556658403412476,F,Cohort2,UCL,0
54.0,,1.6531239296563858,3.964333470857351,21.3768837498906,47.27543195975059,,M,Cohort1,LIV,2
78.0,46.94582165257519,1.5149370158350477,5.799370240474984,9.86482804999389,79.57942214301607,,F,Cohort1,BPTB,2
84.0,50.70196487913603,2.197465838293399,5.850546288108882,11.83975858761604,97.23252506877796,14.66769975258725,M,Cohort1,LIV,2
56.0,6.184875625911481,0.7097201781383976,2.430140424006197,4.9585033141433605,45.16343155122471,3.879031343054212,F,Cohort2,LIV,0
55.0,,2.5361193872816106,4.2713619264632765,22.335511347388135,44.47492862845607,17.58408501944744,F,Cohort2,ESP,2
90.0,58.47517609591655,1.158699890870048,3.735454052394247,10.557978543876477,53.74994002966123,25.25122099784912,F,Cohort1,UCL,2
65.0,60.55943258566563,0.4629317517915164,3.977440956440741,17.303792359160543,47.49596749602232,,F,Cohort1,LIV,2
54.0,7.143349503687024,0.4868890881001614,0.6648224228926404,5.545957488176204,8.745173408708522,0.5892252779301609,F,Cohort2,UCL,0
83.0,18.199467399297376,0.2942524175690031,1.3458014121031598,0.941619609436422,4.847453325475436,2.845119225053093,M,Cohort2,ESP,0
48.0,29.53796656785684,0.885987628293389,1.6618987533692433,1.9805551712763247,8.597265529659731,,F,Cohort1,ESP,0
43.0,3.729938835994026,0.4095033458474358,1.4563102777942798,11.4416371180303,8.507871765280745,15.961910857999566,M,Cohort2,LIV,0
67.0,55.047174994424,1.4642672271541717,6.9318275706568455,8.436883720598114,75.94207554270484,28.162256022955884,M,Cohort2,LIV,2
44.0,32.941316933528555,1.1410941710907945,6.153616201922928,22.04638292543254,47.32490336742622,26.564442268231545,M,Cohort2,UCL,2
65.0,41.42244354506902,0.8053921363142992,3.997482736393385,13.013207531865984,86.74974266406292,18.981953670294686,F,Cohort2,UCL,2
41.0,11.460199170640143,0.8347703715235053,0.1037545522485783,5.266021315804951,3.4507405606862247,20.448388568277117,M,Cohort1,BPTB,0
62.0,11.235874608429349,0.9490393599364684,4.195081810704577,14.63299224805196,23.3417973347748,5.085119639877673,F,Cohort2,ESP,1
66.0,16.20188144117696,0.2193885276722362,2.162651875129035,7.795130188204097,29.273165456410368,,F,Cohort2,LIV,1
90.0,31.648212011686503,0.6162367135680175,1.4824417849433384,7.067958298849304,33.39481588036896,,F,Cohort1,LIV,1
63.0,37.768565798966286,0.5998289496544457,5.327737573877327,21.63045717307005,62.21702769328084,,M,Cohort1,BPTB,2
58.0,42.10532122063082,0.9118606136585572,7.546609683212909,17.442194587975017,47.85580503248418,29.817040617801588,F,Cohort2,BPTB,2
58.0,54.75548854415911,1.544804897451204,6.90539651414467,19.901579504471545,71.76396700729394,29.654599838518187,F,Cohort1,LIV,2
60.0,21.267983816975384,0.4257572067276468,1.5944921647921952,11.59827847467389,115.20136656833049,2.0002381167621737,F,Cohort2,ESP,0
62.0,19.07356511487336,0.8016684442444738,3.315389817386388,8.465106667165292,67.37912656027697,,F,Cohort1,UCL,1
50.0,8.983146660968883,1.4902218732307762,0.8404481764522089,1.0063350623168663,6.529129712221024,4.9978224590063,F,Cohort1,LIV,0
65.0,39.57510338116916,1.386134255134309,5.564871111572935,25.05772102820088,68.75947474215793,,F,Cohort2,LIV,2
74.0,76.18829355580068,0.7622522345270374,3.240312782693397,9.203119535167694,27.028815119187392,,M,Cohort1,ESP,1
39.0,,0.8593741164394191,2.8997052131574987,20.746351114851212,63.21024723906689,,F,Cohort2,LIV,2
49.0,11.787449763199668,1.045224381171653,3.664671121611722,7.812270058851073,19.272534246638035,,F,Cohort1,BPTB,1
66.0,54.1989031806603,1.332835840501364,4.130609303218699,19.347239411989865,57.68090773707385,,F,Cohort2,BPTB,2
60.0,,1.1443971827139263,5.045755251030619,7.662775405134758,48.93833483241241,2.660480484782743,F,Cohort1,ESP,0
49.0,40.79400068914608,7.657754062247876,5.672009705316089,17.624246053813696,67.37192759799153,15.758622831295392,F,Cohort1,BPTB,2
57.0,158.81721701071376,1.378239433605972,0.954619419677683,5.156745874635119,26.64187637915591,,M,Cohort1,LIV,1
66.0,15.989808508450068,1.2988554067109133,11.84935770456115,5.889170537146303,34.7000079338564,6.62138178996263,F,Cohort2,ESP,1
44.0,14.729032708088502,1.4705665046369836,0.9957146986730208,1.8161242311799823,10.64314594398429,,F,Cohort2,UCL,0
67.0,37.57289976390553,0.6090203651860472,7.465221529047368,13.526161295526148,66.86215715089156,,M,Cohort2,ESP,2
38.0,112.05501809391056,1.4868322974087052,0.9034475569432472,8.920362085910613,8.935352248439536,5.406989105031336,F,Cohort2,UCL,0
85.0,2.416648873908998,0.8513972232934209,0.8029981909577857,2.5188465066652816,19.294167095234965,,M,Cohort2,ESP,0
59.0,21.170750720281788,2.420866871432659,3.0863012105358587,39.71540047976956,32.034419430957904,,M,Cohort2,UCL,1
40.0,86.65487601216105,0.322489547161526,4.848226397910626,25.431325674073516,67.00184105018917,12.458480238037442,F,Cohort2,BPTB,2
65.0,24.95940002720881,2.986417789320169,2.9515857859492214,22.072996849045012,57.4601897360933,10.661130154238425,M,Cohort1,BPTB,1
35.0,20.551319338656413,0.4459866515927351,3.308897632184342,11.018331064704974,34.68558862732243,,F,Cohort2,LIV,1
48.0,,1.09073122527251,3.715335133725685,24.200613136498973,68.96386048252876,17.701603320803667,M,Cohort1,ESP,2
67.0,54.30918884644248,1.634143704280121,0.9850778328884124,19.244306967357453,36.2061510704758,9.666195739842108,F,Cohort2,ESP,1
44.0,23.835370907249377,1.8195248239049693,1.3739862011931554,11.977887054022748,27.036804070765648,9.298660797246182,F,Cohort2,UCL,1
60.0,7.322063064506825,1.5385818669062414,4.271868380247134,0.1186111458014734,8.610675080320233,,M,Cohort2,LIV,0
43.0,,1.0987579766124098,3.6239176782627496,12.950428559648351,90.38958764322943,,M,Cohort1,ESP,2
78.0,1.2326342730521846,1.9152713930407768,6.968599277640726,0.5242423654610816,2.3296616156067262,7.160032555249123,M,Cohort1,BPTB,0
68.0,23.32797573356975,0.2922828673640777,5.717456508469937,17.146810674918623,30.70823676147461,14.029580709053272,F,Cohort1,ESP,1
69.0,34.23980543188288,1.445859420423188,5.850816488351517,18.66938267808044,65.33586296381611,13.602444296558234,M,Cohort1,BPTB,2
65.0,34.99595123144299,2.0162234781881656,4.189057709007436,37.2632238956771,29.42253052915489,37.16059568651946,F,Cohort1,LIV,2
55.0,26.85916084493179,0.4545270826148392,2.949576678112722,18.439526373833814,76.59656565916406,15.923758650518948,M,Cohort1,UCL,2
60.0,15.413742071354116,1.6292905774273694,1.3030672566039536,11.903216184397536,10.295011471019976,3.033630115698993,F,Cohort2,UCL,0
56.0,51.26915617627168,0.9094415986324588,15.338784012934848,19.490923801971697,50.48520746162698,,M,Cohort2,BPTB,2
76.0,50.23911164513479,3.4009696571830887,5.057909265455075,18.087676461048684,136.12254801751925,,F,Cohort2,ESP,2
62.0,54.78605829270883,1.3077722492233048,5.1186163544306575,16.535926008133302,81.01227861662005,,F,Cohort1,BPTB,2
58.0,7.497430336858614,0.6874219656306755,3.454727147928152,18.608662915228376,2.1240649763751223,1.9724321567802616,M,Cohort2,BPTB,0
42.0,15.782839241338792,3.644550844648703,3.272181544995245,3.371002292373497,37.48859558921244,8.083461689016552,F,Cohort2,ESP,1
45.0,19.966852406653302,1.1884680489489972,2.25702009075549,9.133774215894356,15.496304297072344,11.727367323921602,M,Cohort1,ESP,1
60.0,47.63483590975814,3.0435368347609284,2.2044007992336363,12.838603758271612,55.07310208109893,,F,Cohort2,LIV,1
50.0,50.40048833286955,0.8099898076784217,1.8562606628981004,23.248907404067527,40.11765744581784,16.01257317970303,F,Cohort2,LIV,2
75.0,2.71856056458951,1.2556267912246826,1.0122011161809947,1.0142252545320254,9.126622260475528,7.528857385244523,F,Cohort1,LIV,0
45.0,57.195018140383326,1.3116395557681173,6.966573471494634,16.423556247131486,47.1863542863063,16.029799989966474,F,Cohort1,BPTB,2
63.0,21.903980398640385,1.1807328935048769,1.6699601573747438,7.291371638545431,26.8570466437384,13.555780353908196,M,Cohort2,LIV,1
55.0,1.7648086816514752,0.6732031855664574,1.1820725892367694,3.2105711316508314,32.56405602633196,1.980811678075452,F,Cohort2,ESP,0
78.0,51.13858512760099,2.219592447664038,7.255900466655467,34.37092516108541,93.53575699280182,19.762354328384944,M,Cohort2,LIV,2
66.0,7.761100250942083,0.8590661167213827,0.6222358114158456,5.6281801611182445,6.494661374930095,21.30766190274475,F,Cohort2,UCL,0
73.0,3.272102018323843,2.827751375950397,0.8254896740143851,3.286281101548094,3.0002562415840286,,F,Cohort1,BPTB,0
59.0,9.504343443733678,2.277262257894756,1.6409811468312938,11.348852077712683,125.08771029750264,3.471704547295924,M,Cohort1,UCL,1
62.0,13.649516716070249,0.4214522797357741,10.244118640675843,5.617633276114568,112.32251793362342,8.38440190422517,M,Cohort2,LIV,1
72.0,2.01646549987539,1.3810222856325232,9.575648525254342,1.324340395951889,7.547695384728197,,M,Cohort1,LIV,0
39.0,9.314647283161245,0.936930651913038,2.3128086151236427,1.172941665814248,11.504515128634909,,M,Cohort2,BPTB,0
42.0,23.86119960411677,4.105731068553428,0.9653595953406678,3.557954456411412,9.017231020442548,2.375334108105731,F,Cohort2,UCL,0
66.0,16.547929965516072,0.8858981055808888,7.905664316860231,9.379700589697496,27.473290812625155,10.314776810704334,F,Cohort2,ESP,1
54.0,33.978379110272314,1.454588613349354,2.643128094252428,5.811942802577902,134.5547942341977,,M,Cohort1,ESP,1
62.0,14.472413393149475,0.7264657577180187,1.2352045825674325,10.985093988384506,47.24470497941307,13.146212570603694,F,Cohort1,BPTB,1
37.0,39.90500572220618,1.938544800485591,2.9217783734474363,11.027799784068357,97.36371739293614,,M,Cohort2,ESP,2
60.0,32.665176679455854,0.5908227413075878,4.889458524076141,9.963790729070835,27.62115203367836,,F,Cohort2,BPTB,1
69.0,18.209096818717093,0.8197531641609526,4.0112122782820485,10.3118956110521,30.224906578996297,11.248771628587658,F,Cohort2,LIV,1
50.0,,1.2091262190880432,3.635693523678152,14.058523255942063,70.95561553572851,,M,Cohort1,BPTB,2
60.0,15.759965117596009,2.1832165756166617,1.079146801616499,3.2255836110145126,228.81649782660347,43.65458281425219,M,Cohort2,ESP,0
56.0,7.860311356148315,2.2517474305679617,0.4320339656933173,3.999410202976041,16.906749599091363,,M,Cohort2,BPTB,0
68.0,19.699712688728976,0.6776353906669992,1.359788617110096,5.3664407544455335,34.13249782851349,12.671177093585651,M,Cohort1,UCL,1
60.0,53.76522038588029,0.9778233678939398,5.214463999479729,21.587447724204832,37.012859810335016,,M,Cohort1,UCL,2
46.0,55.69300826229379,2.943860136557865,3.2562283227116304,13.85069948946355,54.20487800992602,,F,Cohort1,BPTB,2
61.0,,1.0077053072607656,8.401505518273721,10.095810260128832,81.35046241081471,7.322676619810831,F,Cohort1,LIV,1
30.0,42.38782302641377,2.7826547156205828,2.8859767874558204,12.70376753008345,79.00534001853207,,M,Cohort2,ESP,2
47.0,4.299626688737541,0.7433780526865457,1.210238990671117,9.254976946512237,80.2923217107956,0.312454742864191,F,Cohort2,LIV,0
59.0,,0.820905818587043,3.0879121957284013,10.859138008017936,118.7384129721045,,M,Cohort1,UCL,2
78.0,,2.523277725417412,0.7963094416524407,3.9722963341603856,31.197130304230964,,F,Cohort2,ESP,0
65.0,38.52700601059459,2.26267703791368,1.184314445836672,1.7695205416237778,5.342457751435428,3.268050111854113,M,Cohort1,LIV,0
59.0,30.45882136428677,1.1128453582790967,3.6216395959415015,11.110105649201149,29.237187959127283,11.87121480127665,F,Cohort2,BPTB,1
54.0,44.77737719849889,1.2738806803145488,5.711317897995359,28.0569004588773,75.81252464402756,,M,Cohort1,ESP,2
58.0,29.512902897516227,1.096404234111486,2.228230649071583,6.446816071779902,30.684763145714804,,F,Cohort2,BPTB,1
54.0,24.731672782218844,2.956623325833516,3.4480822972673173,5.318426884733473,16.392305154026694,,M,Cohort1,UCL,1
52.0,67.07301276869514,0.4146637968973982,3.641930458132935,13.555806785036888,57.42567394024086,14.752511023834703,M,Cohort1,UCL,2
20.0,39.26073596840256,1.0988587757068795,3.194183273819827,11.196551041935352,44.74725913500012,17.23106114877122,M,Cohort1,UCL,2
80.0,10.628844465863976,0.92438351371765,1.3911492558369731,1.94814031734283,4.673920680073425,,M,Cohort1,ESP,0
67.0,30.9923817090782,0.9404111996816652,2.3964719679687665,8.938080716247311,100.98005071576104,,M,Cohort1,ESP,2
77.0,26.099843052399965,0.7281928127399028,16.841617192794327,14.121484960281675,132.56860190526285,21.814427010260875,M,Cohort2,LIV,2
72.0,58.98872281082348,1.9796663878342275,3.90622489388792,13.69671053540644,103.23603085425958,,M,Cohort2,BPTB,2
80.0,11.16499263882066,1.1450860115475117,6.628024737309465,1.498248448159055,4.432756161360851,,F,Cohort2,LIV,0
64.0,2.984571562900535,2.338269574841228,1.139618254318181,4.806812565131094,25.74834928283639,1.368271083920343,M,Cohort2,UCL,0
36.0,135.5805365639894,0.8036958929473186,4.548119159335757,21.01173171895368,150.22622902210077,18.93431175377985,M,Cohort1,UCL,2
45.0,20.29913212544801,1.8412096017163693,2.6014763030347723,5.596256515001173,27.81850729392869,,F,Cohort1,ESP,1
61.0,57.77030409462306,1.0743565055832784,2.0057804281919487,7.4888622912825635,54.8217054153445,11.476383621120693,F,Cohort1,UCL,1
59.0,,0.4615545289575256,7.090859190080289,10.057973413787298,43.90923787908581,15.088671794348585,F,Cohort1,LIV,2
64.0,12.825289988540082,0.4489603242096594,3.4739080060518748,6.990038279896593,35.18396965097655,18.796247379996863,M,Cohort1,ESP,1
29.0,16.664132050787156,4.601510073334913,1.1161839874718018,2.274245992249824,11.11799752113081,0.2965963554755948,M,Cohort1,BPTB,0
80.0,27.81229990803913,0.2826489012616713,2.4467919758833823,18.595076518489872,58.72593792648659,24.435295851881328,F,Cohort2,BPTB,2
72.0,5.632164491053147,2.287893100527744,0.5081898358727648,2.005844809687176,1.1330317764883644,,M,Cohort1,ESP,0
57.0,31.368026292651265,0.4499522396335252,3.72976008559158,19.50472920699228,66.46745190294887,35.58721373657033,F,Cohort1,LIV,2
90.0,19.878724549592544,0.5349264602858518,3.158852483834486,9.552589892312636,66.02862217265913,33.72002078361226,F,Cohort1,UCL,1
60.0,4.664146086004557,0.5496209877043654,3.94270280298514,1.1115072511115711,108.28418530869924,3.464296977679564,F,Cohort2,LIV,0
62.0,13.367612894806555,1.4433975781013493,3.9637649428510873,4.256830948966231,36.89780307794128,26.470190552490767,F,Cohort1,BPTB,1
57.0,24.02191027174857,0.8011933495049604,8.089088820143024,3.15742487632006,22.842498597832755,,F,Cohort1,UCL,1
40.0,32.00798171729409,0.7189814087467653,5.307329433333708,29.64535392887238,36.618816366819736,34.856657197055526,F,Cohort2,LIV,2
58.0,25.58216321136672,0.5078981056698291,3.413380664453736,10.76222963542147,42.31287010510576,11.348025302380629,F,Cohort1,ESP,1
65.0,54.73074464458631,0.7321552548830852,3.56564408608067,18.623339538455603,88.31833115753584,21.11202353742075,M,Cohort1,UCL,2
61.0,38.03421887762264,1.1906980287710418,2.014377447279789,10.170526282346213,93.2873266577273,,F,Cohort2,LIV,1
63.0,3.145202106975142,0.6942504106193849,1.8042204615007171,2.2090703331729062,12.473172203680068,2.2427906769504853,F,Cohort2,BPTB,0
44.0,46.1988808299407,0.3559885239998491,3.671276978068595,7.85967518734579,23.669870909908436,,F,Cohort1,ESP,1
80.0,3.737409478725805,0.6850488616823974,4.134595413797789,2.9275508221815665,9.405775828363886,,M,Cohort1,BPTB,0
61.0,,1.1544117369268692,3.3496452570120088,9.123053422351129,21.80719847077479,,F,Cohort1,ESP,1
76.0,15.998329621163885,2.643504126226335,2.39407553370932,6.597932091654102,130.9391155730936,,M,Cohort2,LIV,1
55.0,63.37683325644976,0.9345953472368032,5.59755640887906,8.201006763520878,45.64896306893614,,F,Cohort1,ESP,2
63.0,3.5210637406359764,5.338507734454916,2.205862405094754,2.4707010263071947,14.307807558761708,,M,Cohort1,BPTB,0
83.0,30.64808283582609,0.4652017830106468,5.447146419198729,8.84948886312535,72.75096058059945,26.177816545497137,M,Cohort1,BPTB,2
67.0,33.10584697505263,1.4134582340792,2.521587282131077,16.211752747989586,49.6215737555333,12.458565955107334,F,Cohort2,UCL,2
60.0,40.35842426075083,0.8029899249611397,5.131439037070798,20.449087544876797,77.03471738756512,,M,Cohort1,BPTB,2
86.0,,0.4653751210265231,1.3775841619599527,5.1567285044891165,133.12537601724478,1.9574617077686065,M,Cohort2,ESP,0
53.0,42.74870203567838,1.1678198646733438,16.069650811989064,14.052122178605485,91.12393876018204,22.708163431732,M,Cohort1,UCL,2
69.0,52.4641611555578,0.6659628766814983,4.388090140144236,21.77324355178884,96.9071895894016,29.65403766460449,F,Cohort2,UCL,2
63.0,,2.199882558845561,7.6313968335379485,7.522869295295071,34.21030992822016,,M,Cohort1,ESP,1
44.0,9.82781278850069,1.4700252332344017,0.3464658784186981,5.444949721169018,3.653087555521743,,F,Cohort2,ESP,0
46.0,12.524160060161485,1.215869698570213,0.5929337676040488,0.8154485787070761,8.608912588278729,,M,Cohort2,UCL,0
65.0,14.573753706459668,0.420706186471771,1.6031566036793388,6.844472991699078,60.84351627284301,87.69502179783805,M,Cohort2,BPTB,1
45.0,,0.8856540001552115,5.277133732059511,16.845213556053423,54.15237371474672,26.59942921345028,M,Cohort1,UCL,2
37.0,14.82946389186019,1.9149168651652904,4.321778940015856,5.879805516811188,21.50603773861929,9.645400004500733,F,Cohort2,BPTB,1
69.0,48.82602048888152,5.934866016438405,4.578463335163745,16.792252201112003,43.88813363036192,,M,Cohort1,UCL,2
56.0,43.5849821983384,1.514791264625376,6.529534323451444,11.997709637116529,68.5801963330539,,F,Cohort2,BPTB,2
28.0,23.806081446297934,1.9966334781256088,2.195281297023797,7.331019375408901,24.4709200285533,10.419774232898662,F,Cohort2,BPTB,1
67.0,21.304681838133853,0.9326828528295408,2.43860034393143,6.324908385211911,64.8414315180321,,M,Cohort2,UCL,1
51.0,26.740977319492263,3.13554025584073,0.9532469962793512,1.0566572445986788,66.91051752296454,,M,Cohort2,LIV,0
66.0,82.74743779034048,1.96078466032587,2.7051328894486524,7.989688666482221,94.33151935129966,,M,Cohort1,ESP,1
50.0,35.27531868065339,0.7417288739557903,2.185649142113768,1.864073833831826,5.132446033369536,,F,Cohort2,UCL,0
60.0,35.57015346418072,2.0021719297993186,2.887507365501695,7.654590556728499,32.90059238911856,,F,Cohort2,LIV,1
64.0,21.59878785021838,0.9746639692266252,3.398674141905365,4.945222388319643,49.608065363815136,22.292481002029483,M,Cohort2,UCL,1
77.0,35.484595490439474,2.3773389783908665,7.355176461434137,11.595782313667888,83.02250246226735,12.079882802983434,M,Cohort2,BPTB,2
62.0,38.95519111237624,1.104370576161343,3.364960605911856,20.841452940938566,126.68434132743003,23.45579477105796,F,Cohort2,UCL,2
56.0,2.661376462694631,1.1070972916419153,5.979454855590905,2.057320128095725,2.5827074233429848,,F,Cohort1,BPTB,0
72.0,,1.332928216430092,2.3762497966272127,1.6738058861030092,10.872424580364113,,M,Cohort2,BPTB,0
62.0,1.3463320355668154,0.5143710021440582,2.594218353633564,3.280756494266729,11.567871846938468,,F,Cohort2,ESP,0
81.0,27.99494966972913,0.9815159145891982,2.8186084269550764,4.205225745732766,20.62049066521364,6.485306411433928,M,Cohort1,BPTB,1
56.0,40.43741081944191,1.8655983785056096,9.924293550142464,0.3939480991631669,16.42828593924574,3.0359497551021786,F,Cohort2,UCL,0
55.0,50.91469422216979,0.8214851178576682,4.659134911811995,16.301283917386172,31.120041700036506,22.301965505436137,M,Cohort1,LIV,2
54.0,14.9934725451972,2.396134414606243,7.149528562498365,15.428260227776171,299.4004912163209,19.01599538282092,F,Cohort1,LIV,1
60.0,19.372203398486857,0.8051882764226973,4.018027787038072,13.996231022823874,113.71720230406991,,F,Cohort1,LIV,1
53.0,19.225989834885148,1.085565389694191,1.7582549993241052,6.6566249642673885,32.42462082739996,9.77624733692491,F,Cohort2,ESP,1
47.0,13.835378782754743,2.1205048687916648,5.045131877529316,6.863787728482143,36.91347207585585,12.595042362092018,M,Cohort1,LIV,1
65.0,6.126045140399425,1.0559370497835756,4.066917260699159,3.1193498703087883,1.2055967072815372,0.5764823719038396,F,Cohort1,UCL,0
52.0,,1.6927022263325762,3.6587336427293975,6.864592976696995,2.841577719573196,,F,Cohort1,ESP,0
54.0,24.833296378643613,1.91884472706534,5.023539386545329,11.820578992606508,22.54220083602904,5.757363286456329,M,Cohort1,UCL,1
73.0,31.13771127881045,1.418142843887116,6.420544707763945,19.80307341671824,46.87110819393328,8.746643948659626,M,Cohort2,UCL,2
57.0,27.81408401786848,0.991605730137778,3.702957319330468,16.69186148331725,61.137688910768105,13.955293878004795,F,Cohort1,LIV,2
82.0,25.026016504432853,2.7761959747911096,1.4869248072294208,4.226256537845562,35.54732941418428,,M,Cohort1,LIV,1
24.0,3.961471995208365,2.411559330892131,1.770555860959852,7.326047098718881,39.1926156242007,4.614934147045964,F,Cohort1,LIV,0
58.0,60.25579723900584,2.1992458870818385,6.660169658628702,7.773148960004057,31.241631041726126,4.973425072332756,M,Cohort1,ESP,1
57.0,1.7506645214024057,1.21999768352647,6.472563293169876,4.334008293703499,70.05944063509006,1.556028281513713,M,Cohort1,UCL,0
62.0,16.029272497080637,1.346019367933231,3.662491655281963,8.411340494661632,19.323371563814355,,M,Cohort1,BPTB,0
46.0,7.422724484025856,1.248432111700424,3.108632904493519,0.7236659220203823,13.162379351276169,,F,Cohort2,UCL,0
57.0,5.54972571813109,0.3869967055878832,1.3435013247991163,1.942304971357603,3.5373625147822785,,M,Cohort2,UCL,0
59.0,12.169412765360397,1.4613357161457865,0.8834138740309095,7.753690458001813,84.75384087809712,32.36015713304881,M,Cohort1,BPTB,1
69.0,11.807516751468397,1.8319188691973505,0.8960258539073314,2.7641984710770457,30.31699261277783,,F,Cohort2,UCL,0
